Model,Accuracy,Precision,Recall,F1-Score,AUC
Logistic Regression,0.9312528267752148,0.9337083165930092,0.9435647584246853,0.938610662358643,0.98027209023305
Random Forest,0.9821347806422434,0.9806451612903225,0.9874137231019082,0.9840178029536718,0.9986137872674854
